epoch (ms),label
2019-01-14 13:57:39.200,ohp
2019-01-14 13:57:39.400,ohp
2019-01-14 13:57:39.600,ohp
2019-01-14 13:57:39.800,ohp
2019-01-14 13:57:40.000,ohp
2019-01-14 13:57:40.200,ohp
2019-01-14 13:57:40.400,ohp
2019-01-14 13:57:40.600,ohp
2019-01-14 13:57:40.800,ohp
2019-01-14 13:57:41.000,ohp
2019-01-14 13:57:41.200,ohp
2019-01-14 13:57:41.400,ohp
2019-01-14 13:57:41.600,ohp
2019-01-14 13:57:41.800,ohp
2019-01-14 13:57:42.000,ohp
2019-01-14 13:57:42.200,ohp
2019-01-14 13:57:42.400,ohp
2019-01-14 13:57:42.600,ohp
2019-01-14 13:57:42.800,ohp
2019-01-14 13:57:43.000,ohp
2019-01-14 13:57:43.200,ohp
2019-01-14 13:57:43.400,ohp
2019-01-14 13:57:43.600,ohp
2019-01-14 13:57:43.800,ohp
2019-01-14 13:57:44.000,ohp
2019-01-14 13:57:44.200,ohp
2019-01-14 13:57:44.400,ohp
2019-01-14 13:57:44.600,ohp
2019-01-14 13:57:44.800,ohp
2019-01-14 13:57:45.000,ohp
2019-01-14 13:57:45.200,ohp
2019-01-14 14:01:40.000,row
2019-01-14 14:01:40.200,row
2019-01-14 14:01:40.400,row
2019-01-14 14:01:40.600,row
2019-01-14 14:01:40.800,row
2019-01-14 14:01:41.000,row
2019-01-14 14:01:41.200,row
2019-01-14 14:01:41.400,row
2019-01-14 14:01:41.600,row
2019-01-14 14:01:41.800,row
2019-01-14 14:01:42.000,row
2019-01-14 14:01:42.200,row
2019-01-14 14:01:42.400,row
2019-01-14 14:01:42.600,row
2019-01-14 14:01:42.800,row
2019-01-14 14:01:43.000,row
2019-01-14 14:01:43.200,row
2019-01-14 14:01:43.400,row
2019-01-14 14:01:43.600,row
2019-01-14 14:01:43.800,row
2019-01-14 14:01:44.000,row
2019-01-14 14:01:44.200,row
2019-01-14 14:01:44.400,row
2019-01-14 14:01:44.600,row
2019-01-14 14:01:44.800,row
2019-01-14 14:01:45.000,row
2019-01-14 14:01:45.200,row
2019-01-14 14:01:45.400,row
2019-01-14 14:01:45.600,row
2019-01-14 14:01:45.800,row
2019-01-14 14:01:46.000,row
2019-01-14 14:01:46.200,row
2019-01-14 14:01:46.400,row
2019-01-14 14:01:46.600,row
2019-01-14 14:01:46.800,row
2019-01-14 14:01:47.000,row
2019-01-14 14:01:47.200,row
2019-01-14 14:01:47.400,row
2019-01-14 14:01:47.600,row
2019-01-14 14:01:47.800,row
2019-01-14 14:01:48.000,row
2019-01-14 14:01:48.200,row
2019-01-14 14:01:48.400,row
2019-01-14 14:01:48.600,row
2019-01-14 14:01:48.800,row
2019-01-14 14:01:49.000,row
2019-01-14 14:01:49.200,row
2019-01-14 14:01:49.400,row
2019-01-14 14:01:49.600,row
2019-01-14 14:01:49.800,row
2019-01-14 14:01:50.000,row
2019-01-14 14:01:50.200,row
2019-01-14 14:01:50.400,row
2019-01-14 14:01:50.600,row
2019-01-14 14:01:50.800,row
2019-01-14 14:01:51.000,row
2019-01-14 14:01:51.200,row
2019-01-14 14:01:51.400,row
2019-01-14 14:01:51.600,row
2019-01-14 14:01:51.800,row
2019-01-14 14:01:52.000,row
2019-01-14 14:01:52.200,row
2019-01-14 14:01:52.400,row
2019-01-14 14:01:52.600,row
2019-01-14 14:01:52.800,row
2019-01-14 14:01:53.000,row
2019-01-14 14:01:53.200,row
2019-01-14 14:01:53.400,row